Month,Sales
January,63960.57064
February,23762.24961
March,60946.65995
April,30357.77044
May,55235.71533
June,85222.50994
July,40593.02198
August,42453.1167
September,18979.68566
October,92881.54952
November,95212.16141
December,99906.94177
